Title,Company,Location,Salary,Posted Date,Link,Source
Web Method Developer,Persistent Systems,"Pune, Maharashtra, India
          


            

    
    
    
    
    
    
    
    
    
    
    
    
    
    
    
    

    
    
    
    
    
    
    
    
    
    
    
    
    
    

      3 hours ago",,2025-07-21,https://in.linkedin.com/jobs/view/web-method-developer-at-persistent-systems-4268313176?position=1&pageNum=0&refId=eYQR0XHOpv4WGMlcXmJ%2Fzg%3D%3D&trackingId=jCvTwK9APUQ5yD3RnMXD%2BQ%3D%3D,LinkedIn
Software Engineer - Career,Equifax,"Pune, Maharashtra, India
          


            

    
    
    
    
    
    
    
    
    
    
    
    
    
    
    
    

    
    
    
    
    
    
    
    
    
    
    
    
    
    

      10 hours ago",,2025-07-21,https://in.linkedin.com/jobs/view/software-engineer-career-at-equifax-4270073953?position=2&pageNum=0&refId=eYQR0XHOpv4WGMlcXmJ%2Fzg%3D%3D&trackingId=AJZh8ZmdDUDnVjyjOS%2BKDg%3D%3D,LinkedIn
Full Stack Developer,IBM,"Pune, Maharashtra, India
          


            

    
    
    
    
    
    
    
    
    
    
    
    
    
    
    
    

    
    
    
    
    
    
    
    
    
    
    
    
    
    

      11 hours ago",,2025-07-21,https://in.linkedin.com/jobs/view/full-stack-developer-at-ibm-4268078071?position=3&pageNum=0&refId=eYQR0XHOpv4WGMlcXmJ%2Fzg%3D%3D&trackingId=AcluQrMNyV09%2F%2FUk0vi%2B6g%3D%3D,LinkedIn
Full Stack Developer,UBS,"Pune, Maharashtra, India
          


            

    
    
    
    
    
    
    
    
    
    
    
    
    
    
    
    

    
    
    
    
    
    
    
    
    
    
    
    
    
    

      4 hours ago",,2025-07-21,https://in.linkedin.com/jobs/view/full-stack-developer-at-ubs-4270247089?position=4&pageNum=0&refId=eYQR0XHOpv4WGMlcXmJ%2Fzg%3D%3D&trackingId=VPDV%2BaSwaiglpSqXZ4%2FkhQ%3D%3D,LinkedIn
Frontend Developer/Engineer - Angular,dentsu,"Pune, Maharashtra, India
          


            

    
    
    
    
    
    
    
    
    
    
    
    
    
    
    
    

    
    
    
    
    
    
    
    
    
    
    
    
    
    

      4 hours ago",,2025-07-21,https://in.linkedin.com/jobs/view/frontend-developer-engineer-angular-at-dentsu-4270240864?position=5&pageNum=0&refId=eYQR0XHOpv4WGMlcXmJ%2Fzg%3D%3D&trackingId=VYvSvU1gzrh5XILDR6G3Ng%3D%3D,LinkedIn
